Workbook

Sheet Intro
A1: DATI SIMULAZIONE
A2: Fascio protoni | B2: 1 | C2: uA
A3: Durata irr. | B3: 1 | C3: h
A4: Spessore target | B4: 589 | C4: um
A5: Diametro tgt | B5: 1.5 | C5: cm
A6: Volume tgt | B6: 0.10408489 | C6: cmc
A7: Primari FLUKA | B7: 1.2e10
A9: OSS: vale solo come esempio, occorre rifare la simulazione per 50 uA

Sheet Attività
B1: Bq/cmc | C1: Bq | D1: Rapporto rispetto a 99mTc
A2: Tc-99 | B2: 9240000000 | C2: =B2*Intro!$B$6 -> 9.6174436e+08 | D2: =C2/$C$2 -> 1
A3: Y-89 | B3: 609 | C3: =B3*Intro!$B$6 -> 63.387696 | D3: =C3/$C$2 -> 6.5909091e-08
A4: Nb-89 | B4: 76600 | C4: =B4*Intro!$B$6 -> 7972.9023 | D4: =C4/$C$2 -> 8.2900433e-06
A5: Zr-90 | B5: 75700 | C5: =B5*Intro!$B$6 -> 7879.2259 | D5: =C5/$C$2 -> 8.1926407e-06
A6: Nb-90 | B6: 7470 | C6: =B6*Intro!$B$6 -> 777.51411 | D6: =C6/$C$2 -> 8.0844156e-07
A7: Nb-91 | B7: 1800 | C7: =B7*Intro!$B$6 -> 187.3528 | D7: =C7/$C$2 -> 1.9480519e-07
A8: Mo-91 | B8: 2170000 | C8: =B8*Intro!$B$6 -> 225864.2 | D8: =C8/$C$2 -> 0.00023484848
A9: Nb-92 | B9: 2150 | C9: =B9*Intro!$B$6 -> 223.78251 | D9: =C9/$C$2 -> 2.3268398e-07
A10: Nb-93 | B10: 1.79 | C10: =B10*Intro!$B$6 -> 0.18631195 | D10: =C10/$C$2 -> 1.9372294e-10
A11: Mo-93 | B11: 305000 | C11: =B11*Intro!$B$6 -> 31745.891 | D11: =C11/$C$2 -> 3.3008658e-05
A12: Tc-93 | B12: 8660000 | C12: =B12*Intro!$B$6 -> 901375.12 | D12: =C12/$C$2 -> 0.00093722944
A13: Nb-94 | B13: 289000 | C13: =B13*Intro!$B$6 -> 30080.532 | D13: =C13/$C$2 -> 3.1277056e-05
... A20: Nb-100 | B20: 2440 | C20: =B20*Intro!$B$6 -> 253.96712 | D20: =C20/$C$2 -> 2.6406926e-07
